timestamp,trial_id,stimulus_side,norm_iris_x,norm_iris_y
1788254424.082288,1,none,0.006467659164873463,-0.12348679766907844
1788254424.0962877,1,none,0.009832381103574206,-0.1216138649673072
1788254424.1342883,1,none,0.017709279809270395,-0.11009612951996184
1788254424.1658177,1,none,0.0124607191705145,-0.12573058012028837
1788254424.1988177,1,none,0.010207180751243938,-0.10639560510492263
1788254424.2318242,1,none,0.02419411688075679,-0.1073413065142651
1788254424.2593236,1,none,0.02223546474846494,-0.09447116505562725
1788254424.2978356,1,none,0.01976188580964333,-0.08362577065621846
1788254424.3225887,1,none,0.011450881557018344,-0.07318190260083157
1788254424.3608408,1,none,0.016739964168017152,-0.0764455391203942
1788254424.3896313,1,none,0.010184168435705465,-0.06479177009983927
1788254424.4225075,1,none,0.00406261145864284,-0.05420238426100843
1788254424.4555311,1,none,0.010921797722190485,-0.07290802547197928
1788254424.5120738,1,none,0.000942271328825961,-0.04803476017184294
1788254424.5320716,1,none,0.004632698654401746,-0.07070734137955492
1788254424.5651433,1,none,0.00492504919995318,-0.060111215649010674
1788254424.6021445,1,none,0.0031391242138442133,-0.054726024712231425
1788254424.6301434,1,none,0.0012095908954088408,-0.050728561758662805
1788254424.656979,1,none,0.001201050206031451,-0.058785324736868816
1788254424.6985078,1,none,-0.004041616465453757,-0.04929425663999021
1788254424.7284155,1,none,0.0050435808707816054,-0.05403678137116885
1788254424.7544281,1,none,-0.0016286324405534458,-0.05351306771003794
1788254424.7953951,1,none,-0.006933414589897824,-0.0823890085444714
1788254424.8234427,1,none,5.2481616608313075e-05,-0.09262132096450604
1788254424.856561,1,none,0.005829670794725517,-0.0910367372718126
1788254424.8850925,1,none,-0.001337386967181886,-0.09726665791479072
1788254424.9373846,1,none,0.0047034202898298405,-0.1035486610115367
1788254424.9704201,1,none,0.006695514565007943,-0.10147035686362638
1788254424.9935045,1,none,0.008204246247386693,-0.12508911159173808
1788254425.033507,1,none,0.0033324091801395506,-0.11816359324181303
1788254425.0625064,1,none,0.008214597788542943,-0.10968914257909956
1788254425.0910149,1,none,0.0073972059522980915,-0.12778982340753875
1788254425.125015,1,none,0.007754581547950168,-0.11035338015923712
1788254425.1549783,1,none,0.01379848867882738,-0.10016527028415934
1788254425.1849313,1,none,0.013751239869950305,-0.11396165612370335
1788254425.2250738,1,none,0.012349294721623938,-0.11889598909314425
1788254425.249082,1,none,0.016887795814018558,-0.10974537191364875
1788254425.2903414,1,none,0.018908320900815845,-0.12714183281888203
1788254425.3154213,1,none,0.016910726814487353,-0.11737214978625543
1788254425.3675935,1,none,0.01779034729854423,-0.11687088010277358
1788254425.3954597,1,none,0.021046262649831893,-0.1277514684091623
1788254425.433673,1,none,0.016623473675851597,-0.09757076114468921
1788254425.4662974,1,none,0.017752360749136442,-0.1117862584613587
1788254425.4924762,1,none,0.014963648543956043,-0.11706255964602597
1788254425.5305333,1,none,0.016145327803051557,-0.10926970604045316
1788254425.5605474,1,none,0.018409508405468733,-0.10426123738233106
1788254425.5870168,1,none,0.013986675767429957,-0.11400159422467104
1788254425.626533,1,none,0.01316826375216007,-0.11813435819217477
1788254425.6505356,1,none,0.012151861490878435,-0.1093968597150089
1788254425.6863184,1,none,0.015428509986019523,-0.10422079520612337
1788254425.7183986,1,none,0.017279499088841965,-0.11214779720920154
1788254425.7473152,1,none,0.02291086300319367,-0.11927206651169064
1788254425.8072016,1,none,0.0150668656095444,-0.13078074780175086
1788254425.8291943,1,none,0.017375278092661595,-0.11908790489575016
1788254425.8617253,1,none,0.015593967086358851,-0.10920362483388668
1788254425.8942454,1,none,0.01185736601716847,-0.11638958410480826
1788254425.9243224,1,none,0.013346668290271979,-0.12653919242700495
1788254425.9556131,1,none,0.010258377389298023,-0.11914281808300808
1788254425.9939787,1,none,0.006561282665009549,-0.12870422643608936
1788254426.0249748,1,none,0.013541409242087465,-0.11937714904349273
1788254426.0564828,1,none,0.0132255705688884,-0.10596238574782602
1788254426.086557,1,none,0.015183792838754706,-0.1162851186859204
1788254426.1185567,1,none,0.010744119126345097,-0.11762245266528193
1788254426.1505632,1,none,0.011096925663285462,-0.09861548554316502
1788254426.1851764,1,none,0.013029940420758446,-0.1268731527157736
1788254426.239538,1,none,0.012947147208318688,-0.10157821109477039
1788254426.2606204,1,none,0.008192229737846168,-0.1066956147562731
1788254426.29547,1,none,0.013371382946864352,-0.09545034584760403
1788254426.3254638,1,none,0.01197333681544066,-0.10725251729431795
1788254426.3564684,1,none,0.012939165605279745,-0.09579156486528029
1788254426.3913407,1,none,0.01606219060195213,-0.1004051539162476
1788254426.4233408,1,none,0.018279153240159052,-0.11100317939466575
1788254426.455202,1,none,0.01654340310897895,-0.12615978617132606
1788254426.4847257,1,none,0.015147371470362603,-0.1137865389645133
1788254426.5157208,1,none,0.015490596449617366,-0.10833435571903505
1788254426.551903,1,none,0.007332615108059826,-0.10836063420483744
1788254426.582943,1,none,0.019612084327085944,-0.12307378931140289
1788254426.613634,1,none,0.013441768318915859,-0.10590733065118374
1788254426.667192,1,none,0.023130612345686585,-0.11443680281456081
1788254426.6978304,1,none,0.012034761591236287,-0.11324809259596913
1788254426.7248306,1,none,0.012498547916444891,-0.1222929570488327
1788254426.7598987,1,none,0.014418146728477743,-0.12690622147343456
1788254426.789018,1,none,0.01676052262493133,-0.10601042739749778
1788254426.8199406,1,none,0.021172238867929405,-0.10835203316006414
1788254426.8559515,1,none,0.01658740993806529,-0.12492947232433316
1788254426.8851452,1,none,0.01552511021296088,-0.11726747468507082
1788254426.917226,1,none,0.015757829084554142,-0.13149945579808553
1788254426.9542375,1,none,0.021569063371553843,-0.12599335044827742
1788254426.9827502,1,none,0.011080571398621286,-0.1215950273628601
1788254427.0140584,1,none,0.009920966477843574,-0.12102605951660106
1788254427.0429792,1,none,0.020840599037479035,-0.1281628324827352
1788254427.0980003,1,none,0.014376255111296588,-0.11884055497473744
1788254427.1240048,1,right,0.005544629622776909,-0.10490938321484977
1788254427.154006,1,right,0.008811898300915666,-0.1339821530041012
1788254427.1888201,1,right,0.005784001008247275,-0.1139181206797737
1788254427.2229323,1,right,0.011986049848825231,-0.12598377732996058
1788254427.249349,1,right,0.012025075383483186,-0.11441188422167503
1788254427.291381,1,right,0.012865205555340764,-0.12338021663908783
1788254427.3152823,1,right,0.012869379706191064,-0.12738497110017266
1788254427.3535044,1,right,0.017283637742045777,-0.131842820941257
1788254427.3843944,1,right,0.01657477926774542,-0.10965052324232416
1788254427.4143949,1,right,0.015392319606390426,-0.12503973085570963
1788254427.4475837,1,right,0.020829565303370434,-0.1124632629929827
1788254427.4726813,1,right,0.01786613624854716,-0.10430749210851031
1788254427.534344,1,right,0.014514792372015584,-0.13152909864243123
1788254427.5573606,1,right,0.014253561196860387,-0.10664581812700424
1788254427.5933242,1,right,0.014570996259976599,-0.10799993483289672
1788254427.6183226,1,right,0.009849774876306117,-0.1068762108307112
1788254427.659342,1,right,0.006712252189289503,-0.14862525186361597
1788254427.6823134,1,right,0.002936674090109004,-0.13095542682247052
1788254427.7193134,1,right,0.004525937591552065,-0.13405125360908732
1788254427.7476883,1,right,0.006366280465961993,-0.14461938896867088
1788254427.779316,1,right,0.004542512996951298,-0.12908300602858036
1788254427.816045,1,right,0.011736072313358936,-0.14526021794717492
1788254427.8410487,1,right,0.01129337264352781,-0.13714248743003132
1788254427.8785796,1,right,0.011213941919924308,-0.14979510617183833
1788254427.910502,1,right,0.018058046176959386,-0.14794879673649874
1788254427.9683392,1,right,0.008845269646777676,-0.13749112111203576
1788254427.9882615,1,right,0.011396418098096994,-0.13497298182241502
1788254428.02326,1,right,0.010274321502592887,-0.13786898699630556
1788254428.0512593,1,right,0.01863200190929648,-0.1289652587892951
1788254428.0857298,1,right,0.00980609593038817,-0.12226147271015819
1788254428.1167295,1,right,0.009528659572637821,-0.1379664166163952
1788254428.1510837,1,right,0.006741300915294901,-0.1348325404519689
1788254428.1822205,1,right,0.006138934408843166,-0.13563037891695806
1788254428.212865,1,right,0.0062544759236981,-0.14023316779984096
1788254428.2458067,1,right,0.00785660923689735,-0.127856967035475
1788254428.2740839,1,right,0.0022993105419685245,-0.13297630500161384
1788254428.3090096,1,right,0.009262791694053751,-0.13898769465138905
1788254428.3420682,1,right,0.011835088709267971,-0.13337407428586534
1788254428.4011514,1,right,0.008731801412525275,-0.1473339092352055
1788254428.4198523,1,right,0.008220552684163218,-0.1319962130191603
1788254428.4550488,1,right,0.009951533130869161,-0.1456261046384899
1788254428.481581,1,right,0.012329524975328243,-0.12966228402748936
1788254428.5151303,1,right,0.010544846183650036,-0.1322367849120918
1788254428.5538776,1,right,0.006099706550752426,-0.12503193409953328
1788254428.578915,1,right,0.003581604783774006,-0.1578677145170777
1788254428.6139143,1,right,0.007480322001472639,-0.13856020952097725
1788254428.650275,1,right,0.006541283511726226,-0.15796462825554758
1788254428.679806,1,right,-0.00243858512945061,-0.12605674782281717
1788254428.705804,1,right,0.013115871932271261,-0.13674896257389235
1788254428.7438126,1,right,0.0025071311459395895,-0.13206765498979867
1788254428.770354,1,right,0.004126271996282238,-0.14659076725367837
1788254428.8253486,1,right,0.006446933422058598,-0.13537919651415753
1788254428.8563554,1,right,0.011294962528426433,-0.1515736142378934
1788254428.8849492,1,right,0.012801086288764085,-0.1429086980370161
1788254428.917867,1,right,0.013973601238196687,-0.1469136815169323
1788254428.9479156,1,right,0.006086626634351666,-0.13978953775893732
1788254428.9854445,1,right,0.006523242518571393,-0.13965861632220877
1788254429.010919,1,right,0.016789287409365805,-0.13631619613000234
1788254429.0489535,1,right,0.009677511625083346,-0.1458773392622399
1788254429.0778525,1,right,0.012596461026148198,-0.14421191988293036
1788254429.1088536,1,right,0.01403237280509484,-0.14179136875190435
1788254429.4337447,2,none,0.0051358364348891294,-0.1394883992219832
1788254429.4572005,2,none,0.01263650725430987,-0.1498834233514661
1788254429.4745538,2,none,0.01020857042274148,-0.14825393820840116
1788254429.517549,2,none,0.005511321982633932,-0.1279939570135744
1788254429.5485554,2,none,0.012894226643228923,-0.1474318590502277
1788254429.574079,2,none,0.013202945493398954,-0.13172026464631448
1788254429.607074,2,none,0.004900246200642777,-0.13623640705368623
1788254429.6370728,2,none,0.007292589876084277,-0.13571911330713882
1788254429.6966126,2,none,0.009863557179344506,-0.13938490913267687
1788254429.7210972,2,none,0.014344562126200944,-0.14704076371920927
1788254429.7482421,2,none,0.016546834741440142,-0.14623938108383028
1788254429.7857807,2,none,0.009863816443080542,-0.10930331920195668
1788254429.8157816,2,none,0.010418208830034303,-0.09516102465463994
1788254429.843776,2,none,0.011230861844664264,-0.09661699039803329
1788254429.877065,2,none,0.011207628331389663,-0.09793976660432158
1788254429.9105873,2,none,0.015931795809344895,-0.10020292442864354
1788254429.941592,2,none,0.00866703831056903,-0.1036512939250287
1788254429.9721203,2,none,0.009390780240493002,-0.10262136714351544
1788254430.0051172,2,none,0.014308743823167602,-0.10283652646092079
1788254430.0391479,2,none,0.017025721042421726,-0.10329209940104367
1788254430.0671554,2,none,0.01374290677790424,-0.10872107541624954
1788254430.1248758,2,none,0.019824372724646655,-0.13038020803927908
1788254430.1543746,2,none,0.011848959646261314,-0.13956397450872582
1788254430.1783102,2,none,0.025127923517609507,-0.13114326483208882
1788254430.2197568,2,none,0.02096245294509569,-0.11348633312557055
1788254430.2472048,2,none,0.014467381524833955,-0.12205904183496485
1788254430.276742,2,none,0.012743896928840481,-0.11804600176795987
1788254430.3097408,2,none,0.013433988186143497,-0.12462359034055481
1788254430.3387413,2,none,0.016468321053818902,-0.13562022895632453
1788254430.3771474,2,none,0.020551507552482806,-0.11950158761187779
1788254430.4099376,2,none,0.02027049135389003,-0.1264833787193671
1788254430.4410033,2,none,0.017522019991745075,-0.1283616558327022
1788254430.4704685,2,none,0.015788240667679587,-0.13423215573227187
1788254430.505213,2,none,0.018623190470575257,-0.1308086929686313
1788254430.561161,2,none,0.014953761214736905,-0.11785114990971646
1788254430.5858314,2,none,0.02118740011414444,-0.12909182446499146
1788254430.6168716,2,none,0.020202026609643098,-0.12256530366570473
1788254430.6458642,2,none,0.01448918594323878,-0.13682988076360125
1788254430.6836386,2,none,0.019980448500168113,-0.14168464547703863
1788254430.7116387,2,none,0.0176498269968004,-0.13585527473793513
1788254430.7375758,2,none,0.015152493577639148,-0.11847243251446571
1788254430.7766783,2,none,0.02196929359702715,-0.11318459935403169
1788254430.804669,2,none,0.019900665268428153,-0.13646025266493123
1788254430.8396666,2,none,0.01953142587215606,-0.12209752928112239
1788254430.865681,2,none,0.0234357262780559,-0.13394833031867048
1788254430.905417,2,none,0.024743751929351188,-0.13227477552380917
1788254430.9333208,2,none,0.012976005177227079,-0.11041067405878002
1788254430.9929154,2,none,0.02425010618681267,-0.11578119741695136
1788254431.0139453,2,none,0.016891715171221677,-0.12617014164814333
1788254431.0499504,2,none,0.013966934801725395,-0.12657234252001015
1788254431.0764997,2,none,0.017270120179946002,-0.1379817015636342
1788254431.1135907,2,none,0.004957962614100531,-0.12047604023702829
1788254431.1386948,2,none,0.010669576907195166,-0.1291702872217928
1788254431.17479,2,none,0.010419703420227133,-0.12147125854839191
1788254431.205789,2,none,0.010215662304245088,-0.13777807657963126
1788254431.2387846,2,none,0.014375726376378739,-0.11907582352394785
1788254431.2698836,2,none,0.017383899999144803,-0.10821465033229438
1788254431.298201,2,none,0.016564750220296465,-0.11648383527947148
1788254431.3390071,2,none,0.012823053494525505,-0.11167728318571224
1788254431.3600125,2,none,0.015778137206109433,-0.12096065788445631
1788254431.4220343,2,none,0.01593343881039233,-0.11900473135000134
1788254431.4519467,2,none,0.012430776189639059,-0.10727867211765141
1788254431.4764915,2,none,0.014349100113772217,-0.11728699130401055
1788254431.513299,2,none,0.019751678124638627,-0.13046197613467791
1788254431.5403013,2,none,0.017194148640715112,-0.12241713024326961
1788254431.574391,2,none,0.016870120293851598,-0.11515488898719295
1788254431.6023896,2,none,0.012982877509438495,-0.10231210563557269
1788254431.6405509,2,none,0.017058067229782092,-0.12246966737165699
1788254431.6676364,2,none,0.009911889856541012,-0.10664741648540044
1788254431.7034898,2,none,0.01577348135573342,-0.12865224316103308
1788254431.7309172,2,none,0.018397833771695793,-0.1357036640142537
1788254431.7659676,2,none,0.016063294514557347,-0.12680581070559604
1788254431.7994845,2,none,0.010028063697029244,-0.10677927979302304
1788254431.8528972,2,none,0.016619016123860963,-0.12463774071989397
1788254431.8744154,2,none,0.013543987942992941,-0.12789283873638324
1788254431.9134216,2,none,0.011388583755516324,-0.12000312126458057
1788254431.9374216,2,none,0.012966772778777225,-0.1271496525302106
1788254431.9789507,2,none,0.015840720583528367,-0.11888807301057924
1788254432.007949,2,none,0.014926717211233287,-0.0999788502816168
1788254432.03795,2,none,0.011314721868863287,-0.09687021060942369
1788254432.0679674,2,none,0.015223030950420435,-0.1253539479936765
1788254432.1041586,2,none,0.019202568362253203,-0.10619033339498851
1788254432.1369474,2,none,0.012949599072291651,-0.12402801644378303
1788254432.1623027,2,none,0.01785284615264837,-0.09804560034584908
1788254432.1977282,2,none,0.017373613614868,-0.11722244134514925
1788254432.2334878,2,none,0.014869830264213957,-0.09847324557821824
1788254432.2851639,2,none,0.020117917114860773,-0.11262117586769538
1788254432.3091311,2,none,0.013330699002309543,-0.11573639421036364
1788254432.3371327,2,none,0.02139439168859303,-0.11163620790266804
1788254432.3802154,2,none,0.01079112113583014,-0.10920258849247977
1788254432.406295,2,none,0.013955630965517218,-0.10290163958938381
1788254432.441342,2,none,0.016159614744558737,-0.11950132369733724
1788254432.4700701,2,right,0.01067505854847084,-0.11540686378545861
1788254432.4984937,2,right,0.017872457585235924,-0.11327266607630593
1788254432.5380018,2,right,0.02191842991942783,-0.10600125015164186
1788254432.5680134,2,right,0.021386481104325616,-0.11501722493613631
1788254432.5966582,2,right,0.0152923983943839,-0.12172967605114338
1788254432.6287973,2,right,0.002937371447897963,-0.116623199334843
1788254432.6639807,2,right,0.016370471286273225,-0.1289068731789741
1788254432.719918,2,right,0.011116395034359128,-0.11461184476356567
1788254432.7453535,2,right,0.02220209275515117,-0.1214661262289034
1788254432.775489,2,right,0.018918937915040956,-0.10529503326322698
1788254432.8059697,2,right,0.02349437152054379,-0.12414672153658612
1788254432.8399699,2,right,0.01796853587699465,-0.1137516981804978
1788254432.8659816,2,right,0.0007813986344599178,-0.12358378861516062
1788254432.9088583,2,right,-0.006518100795716131,-0.13892495020711004
1788254432.9321852,2,right,0.018408917984054973,-0.12850619114805673
1788254432.9682953,2,right,0.0005560529852758345,-0.041069412097221925
1788254432.9992883,2,right,0.02015982462206123,-0.056947066102755683
1788254433.0262878,2,right,0.004590569430447444,-0.03178192115708878
1788254433.067733,2,right,-0.01076347854114268,-0.0750629759613497
1788254433.0882657,2,right,-0.00403346681344563,-0.11821224542832942
1788254433.1522698,2,right,-0.02257718286090482,-0.10921815761307196
1788254433.176841,2,right,-0.029928162003845293,-0.0742515991403413
1788254433.2034767,2,right,0.004904618474581901,-0.10793407134656485
1788254433.2374718,2,right,0.012264975977186565,-0.05651332949643617
1788254433.272088,2,right,0.0036706269887917253,-0.08422751858671629
1788254433.2990863,2,right,0.011312789811974922,-0.054239233268552844
1788254433.332949,2,right,0.012952285451419798,-0.06753225412652708
1788254433.3663023,2,right,0.005089148679724986,-0.05147868122982491
1788254433.399741,2,right,0.019310355328367224,-0.08129600622918365
1788254433.4243798,2,right,0.0322722369725198,-0.08612677256779
1788254433.4623995,2,right,0.019101861126684994,-0.07629335239462276
1788254433.4957435,2,right,0.028458834949873446,-0.0671253942821255
1788254433.5248048,2,right,0.027142439429074572,-0.07496241673611859
1788254433.5772295,2,right,0.03075684861744865,-0.12092817512232035
1788254433.6082277,2,right,0.02664402029439017,-0.08977544084592814
1788254433.6352282,2,right,0.03894692448551024,-0.11461665464218496
1788254433.6699235,2,right,0.020790187092288526,-0.10085688505347434
1788254433.6995578,2,right,0.02816509833057912,-0.09477703886132238
1788254433.7348564,2,right,0.024858917409357972,-0.11017118610774468
1788254433.764858,2,right,0.025153204260133788,-0.10856337160934926
1788254433.7954974,2,right,0.037909289157677994,-0.1158527049645437
1788254433.82925,2,right,0.02604486525424965,-0.11993983494266658
1788254433.8620386,2,right,0.026614822393428827,-0.10356938269907878
1788254433.893054,2,right,0.009368264598088039,-0.13360634856589737
1788254433.9260557,2,right,0.016150396379659426,-0.11775680716718695
1788254433.954495,2,right,0.0032181397094512842,-0.12324983985765559
1788254434.0162532,2,right,0.008450992289669723,-0.10892711730195115
1788254434.0391996,2,right,0.01845312835757651,-0.09828225088377895
1788254434.070212,2,right,0.02191537314516745,-0.10727142436558279
1788254434.099741,2,right,0.017749398551896944,-0.12667581922343696
1788254434.1339428,2,right,0.02718477021956034,-0.09084340354604681
1788254434.164497,2,right,0.008340584428882303,-0.1172581016728107
1788254434.2022843,2,right,0.0066819402174259634,-0.11531250759474698
1788254434.2292862,2,right,0.002341842348711043,-0.12071754425267123
1788254434.259734,2,right,0.012390838642612922,-0.0891813583019665
1788254434.296862,2,right,0.018322953112504536,-0.10712236887740167
1788254434.323862,2,right,0.010156892189889355,-0.11815155308000636
1788254434.3575094,2,right,0.016441298461021048,-0.10389976970774562
1788254434.3879917,2,right,0.017212836676598342,-0.12211341474202819
1788254434.448164,2,right,0.004412840549903541,-0.1388501680256634
1788254434.7776036,3,none,0.028916689733795686,-0.12578981897026353
1788254434.7946894,3,none,0.019716225311881996,-0.11527987919471705
1788254434.8164546,3,none,0.014566806246378405,-0.08109161255617447
1788254434.8809848,3,none,0.014821439033153916,-0.10839834453445629
1788254434.90399,3,none,0.021149427590267278,-0.0950818149531133
1788254434.9359882,3,none,0.031492295442801965,-0.10673063855425646
1788254434.9649882,3,none,0.027568674710222285,-0.10990482170802673
1788254434.9993038,3,none,0.007910687762166302,-0.10466959303772372
1788254435.0363035,3,none,0.003828191127050018,-0.1222007058459067
1788254435.0623097,3,none,0.002605260407617327,-0.1036412345597324
1788254435.091838,3,none,0.011304521391593547,-0.09017731647275395
1788254435.1248472,3,none,-0.002325738528459298,-0.1161748158867999
1788254435.155676,3,none,0.019927291462857988,-0.08390989161485463
1788254435.1928265,3,none,0.005441226938751043,-0.07893178577063042
1788254435.2212157,3,none,0.0034356702274290774,-0.06107111851509317
1788254435.2535245,3,none,0.012359577659805776,-0.1105310302470135
1788254435.309106,3,none,-0.002237188911454191,-0.10021081826664036
1788254435.334105,3,none,-0.0175012521842145,-0.07694466112366194
1788254435.368607,3,none,-0.019485995903728015,-0.1270164815340138
1788254435.3951313,3,none,0.007247877621078147,-0.11937039588930665
1788254435.4296093,3,none,0.014703547016691187,-0.0860576562146449
1788254435.4596045,3,none,0.007951758620010962,-0.09931920071443412
1788254435.4989135,3,none,-0.0011334526288937496,-0.10394951716604783
1788254435.5219135,3,none,0.011174795369062518,-0.10008465172814363
1788254435.5589135,3,none,0.010975952852967374,-0.0898546576741176
1788254435.5864913,3,none,0.02066092953658183,-0.08378703502738827
1788254435.6224916,3,none,0.009573729826222732,-0.09046639370915588
1788254435.6524942,3,none,0.009478669928793093,-0.09899759245899709
1788254435.6849363,3,none,0.007879291029319835,-0.09848932202456728
1788254435.7413194,3,none,0.014021932522508718,-0.07759386929513257
1788254435.7673283,3,none,0.011064763786518106,-0.11001256843302276
1788254435.8008432,3,none,0.011584193643735197,-0.1148835061732949
1788254435.8328373,3,none,0.017216359292977823,-0.10859289156122143
1788254435.8639362,3,none,0.01502895366401824,-0.1127286822680389
1788254435.8966196,3,none,0.009355631334522774,-0.11604646217615655
1788254435.9226296,3,none,0.018458920103461174,-0.11484687252067483
1788254435.959619,3,none,0.019495049910708162,-0.11594828095025855
1788254435.9861877,3,none,0.021542326079145857,-0.11426107605895408
1788254436.024185,3,none,0.014049284412476992,-0.11651587815626929
1788254436.0591862,3,none,0.010066980920604762,-0.12510285376835673
1788254436.08554,3,none,0.019255806784597262,-0.1198526448933972
1788254436.118538,3,none,0.02318780668179432,-0.1170659451746967
1788254436.1774633,3,none,0.021960931026100527,-0.11722345183241023
1788254436.198628,3,none,0.018920261838690666,-0.10259502121266018
1788254436.228628,3,none,0.02149982920371063,-0.10235724855773864
1788254436.2596278,3,none,0.01897695916410924,-0.11420721966759295
1788254436.2931578,3,none,0.019997533280986746,-0.12147797675569882
1788254436.3303013,3,none,0.015745037473878454,-0.11420746547478433
1788254436.3523023,3,none,0.024532700442684408,-0.12500012921799375
1788254436.3916461,3,none,0.019786509794668006,-0.12860331753186705
1788254436.4175131,3,none,0.012702294501908518,-0.1283962906536944
1788254436.4529216,3,none,0.01862978430896345,-0.10944087374269829
1788254436.4829779,3,none,0.016951914272582358,-0.1020295333760064
1788254436.5196507,3,none,0.01596193834728521,-0.10659097124383643
1788254436.5486565,3,none,0.015771234064035577,-0.11804439468027672
1788254436.6071305,3,none,0.012141602500349125,-0.11376822241436624
1788254436.6321304,3,none,0.012992353801066225,-0.11007143399375974
1788254436.6635327,3,none,0.012819650672925786,-0.11637960491060406
1788254436.6919777,3,none,0.012956001682000395,-0.10095485311533459
1788254436.7286587,3,none,0.01913502870253636,-0.10158476891220902
1788254436.755658,3,none,0.01469478664304924,-0.11514922178782316
1788254436.7895908,3,none,0.00865507544787214,-0.10873436050771335
1788254436.8222585,3,none,0.013917970948270741,-0.11201270842348077
1788254436.8549552,3,none,0.012789335262301305,-0.13764450176962495
1788254436.8894796,3,none,0.018561095417731432,-0.11552865405823387
1788254436.9180613,3,none,0.01585188774515167,-0.11131050321322777
1788254436.949082,3,none,0.013487674494314317,-0.12399030398809296
1788254436.9779272,3,none,0.016015375868721926,-0.11820151429443437
1788254437.0387628,3,none,0.02300069727600973,-0.111624624877807
1788254437.057682,3,none,0.015832964089768642,-0.10333131811133822
1788254437.0988622,3,none,0.013282649442803218,-0.10993891522532673
1788254437.1245654,3,none,0.009742620024932536,-0.08584866902656363
1788254437.1605656,3,none,0.01030102127817345,-0.10978392307642448
1788254437.1852243,3,none,0.01746552960055736,-0.11762520792458797
1788254437.228683,3,none,0.0264968042014343,-0.1307036105705328
1788254437.254677,3,none,0.01794526370400351,-0.12213658791327286
1788254437.2872086,3,none,0.018860459435349086,-0.10936550261020339
1788254437.3162088,3,none,0.022591751322528775,-0.10975940602247003
1788254437.3523457,3,none,0.01216014195897741,-0.11839239157576453
1788254437.383205,3,none,0.019372010939889384,-0.11927240284765883
1788254437.4135628,3,none,0.0131422620321473,-0.11242760039155564
1788254437.4655771,3,none,0.019940421855023427,-0.1063552694248513
1788254437.494635,3,none,0.01309367562656194,-0.11769203112265503
1788254437.525598,3,none,0.00864052782585134,-0.11365550898237842
1788254437.5565586,3,none,0.01164422929393738,-0.13973424546028657
1788254437.5931602,3,none,0.01885400090510536,-0.12700752779988367
1788254437.6160882,3,none,0.01370060538639073,-0.11465007599302668
1788254437.6601372,3,none,0.015339035246000443,-0.12375005311002996
1788254437.6875508,3,none,0.015719568323995126,-0.13416346119857758
1788254437.7195685,3,none,0.017881970452223173,-0.1229250133883597
1788254437.7465723,3,none,0.01325808377762705,-0.13904729683675032
1788254437.7858276,3,none,0.008730527399260057,-0.12985948011911352
1788254437.8088996,3,left,0.019544247802033232,-0.10706137122035453
1788254437.8519397,3,left,0.016580837593063058,-0.1146789163135653
1788254437.8984568,3,left,0.016897821522568357,-0.12453107145033426
1788254437.92752,3,left,0.01794863252916301,-0.12222230463574957
1788254437.9545252,3,left,0.01781106613992811,-0.10836459957194622
1788254437.991364,3,left,0.0136686572938306,-0.12077394430214083
1788254438.022763,3,left,0.012663939023854986,-0.1095088097416097
1788254438.0577729,3,left,0.01188913125673896,-0.1033417087733941
1788254438.0896997,3,left,0.015103467459765318,-0.12594880655526497
1788254438.1169527,3,left,0.01491222167831241,-0.12793827702063554
1788254438.1530051,3,left,0.013828034815550283,-0.10479279420845167
1788254438.180629,3,left,0.010751972364615114,-0.12624789005423942
1788254438.2156236,3,left,0.010303537295679566,-0.13881170243348784
1788254438.2456229,3,left,0.003706780797227638,-0.09606974064728024
1788254438.2766361,3,left,0.017095993788370456,-0.14945237657076704
1788254438.3339963,3,left,0.0030619205340144395,-0.06621794135145653
1788254438.3559248,3,left,0.030786105741008707,-0.018110316063720155
1788254438.3968468,3,left,-0.0035368310091604682,-0.018806205318347313
1788254438.4249308,3,left,-0.019002972293273523,-0.041049113609622156
1788254438.4551284,3,left,-0.004930901430511558,-0.0651643932479733
1788254438.4837346,3,left,-0.023450691888809883,-0.08667761133271046
1788254438.5197415,3,left,0.015195652534591653,-0.03526569938606172
1788254438.550964,3,left,-0.016045621840722002,-0.07635642937227671
1788254438.5829902,3,left,-0.06262578676443187,-0.11103629007978166
1788254438.61499,3,left,-0.08851942627912746,-0.15781732023637574
1788254438.6479902,3,left,-0.024028221936377214,-0.033424996103921245
1788254438.675995,3,left,0.028605564644911596,-0.1329865034342015
1788254438.7156832,3,left,-0.0015535377765654168,-0.13180224916307992
1788254438.7536778,3,left,-0.014783529045980237,-0.12831709313224748
1788254438.7873554,3,left,-0.007512204640229947,-0.08070973725916697
1788254438.8253562,3,left,-0.15484382502601124,-0.05609654020584465
1788254438.8502345,3,left,-0.15549905930340302,-0.0622410144064276
1788254438.8872643,3,left,-0.2469244494626166,-0.10783679229823817
1788254438.9157526,3,left,-0.22115929374182552,-0.08436841205500634
1788254438.9499633,3,left,-0.11170195344998646,-0.19207368745343678
1788254438.9834917,3,left,-0.0900469307243853,-0.18995025357074147
1788254439.0154908,3,left,-0.12463467869378075,-0.05485634257448524
1788254439.047497,3,left,-0.11896402127156047,-0.052690996902246656
1788254439.079496,3,left,-0.28685456770450524,-0.18467896646734672
1788254439.1120074,3,left,-0.2699642483631598,-0.09967394731707513
1788254439.1410062,3,left,-0.14012258680072864,-0.060498247293813145
1788254439.1958954,3,left,-0.1828532764339822,-0.03446091051118705
1788254439.2208936,3,left,-0.050742088358266546,-0.15857092654099558
1788254439.251376,3,left,-0.1552977417312681,-0.13940845869586405
1788254439.2873785,3,left,-0.07322415884123668,-0.2152098283550472
1788254439.3149195,3,left,-0.006567404911627217,-0.09817820538929878
1788254439.3525674,3,left,-0.11439097958971545,-0.18785056469062844
1788254439.3799255,3,left,-0.04740330629163558,-0.019282086814447763
1788254439.4120073,3,left,-0.07443064093969054,-0.09811140668175733
1788254439.4515104,3,left,-0.015815090777616225,0.018808382643081267
1788254439.477552,3,left,-0.015476671999558156,-0.010172800588647224
1788254439.508793,3,left,-0.0976774160245657,-0.06467771550989332
1788254439.5391662,3,left,-0.025421905500649267,-0.0842167696511884
1788254439.576161,3,left,-0.011196434393247912,-0.0136023974181394
1788254439.623308,3,left,0.003809701375344532,-0.0056164730696661724
1788254439.6485,3,left,-0.052015663296802184,-0.14028095912408733
1788254439.6902695,3,left,-0.007711399267581798,-0.01005456315865405
1788254439.7152681,3,left,0.013251073597778884,0.00444772400550153
1788254439.7472682,3,left,0.027697129701161227,0.05373599623815828
1788254439.785872,3,left,0.023108737955125136,-0.020502795435385024
1788254440.1109488,4,none,0.009552029785451999,-0.005430268922741011
1788254440.138494,4,none,-0.024331900948595275,-0.010295232213825223
1788254440.1548595,4,none,-0.0257495589958896,-0.024163425428202157
1788254440.1778738,4,none,-0.04889590334305993,0.024691740411547536
1788254440.2113967,4,none,-0.0007616755336879999,-0.015856964607319224
1788254440.2423964,4,none,-0.0601770012429127,0.0573535235583118
1788254440.2734,4,none,-0.07649156169453553,-0.04754160509000438
1788254440.3117745,4,none,-0.02524001971917922,-0.005027934693821345
1788254440.3389566,4,none,0.009089064993922147,0.05536581724631218
1788254440.3683128,4,none,-0.018782794657988044,0.07743603779744435
1788254440.403072,4,none,0.004180485876201456,0.031835619171229346
1788254440.4344106,4,none,0.02195493849383312,0.0445918457997424
1788254440.490179,4,none,0.035203707803482476,0.051012358838047334
1788254440.5119817,4,none,0.06388511056992613,0.024663052483435255
1788254440.5464575,4,none,0.04294567182348513,0.07434630227174366
1788254440.5807867,4,none,0.01484631694307581,0.04213855991057003
1788254440.6142914,4,none,-0.09499220658204977,-0.00384831201617164
1788254440.6492922,4,none,-0.004817959482492196,-0.007961239652726104
1788254440.6762962,4,none,-0.017569736165412464,0.03799896723311136
1788254440.7063932,4,none,-0.019340624582693144,-0.012920547707251373
1788254440.7413878,4,none,-0.00518936541375703,-0.08251248648098364
1788254440.7753956,4,none,-0.0019903110646607436,-0.12777360288943018
1788254440.8019056,4,none,-0.01224899869062801,-0.08969149878728999
1788254440.840944,4,none,-0.016724909462850213,-0.09604161821581036
1788254440.8659377,4,none,0.0014502555010063034,-0.11009609229230954
1788254440.9292166,4,none,0.004663635856745008,-0.10780542372563251
1788254440.952862,4,none,0.002316919501137771,-0.09654572990592492
1788254440.9811628,4,none,0.002117311459553184,-0.09760027885436928
1788254441.0177507,4,none,0.001093625911512075,-0.08693838316004898
1788254441.0466762,4,none,0.005232213112882689,-0.08099534655097174
1788254441.0776799,4,none,0.0025948997374730665,-0.08675629763164139
1788254441.1083682,4,none,0.00350671463740182,-0.09510533613099537
1788254441.1467953,4,none,0.012042813852922052,-0.10265029478243426
1788254441.169722,4,none,0.010538989868418835,-0.12061499759994976
1788254441.2040253,4,none,0.00884881413087546,-0.11948800354286282
1788254441.23905,4,none,0.01257178790872071,-0.1261725210099095
1788254441.2661138,4,none,0.017438198433423535,-0.11869720622281921
1788254441.3061225,4,none,0.003980483201491025,-0.08982806155905254
1788254441.358046,4,none,0.013329947366942041,-0.10242737968642801
1788254441.3793173,4,none,0.011687762315031658,-0.11171738977270484
1788254441.4129915,4,none,0.012786042126388675,-0.10458027392045466
1788254441.4462433,4,none,0.016630679035331775,-0.11566413385956875
1788254441.4772685,4,none,0.0119921236911249,-0.10187522079467148
1788254441.510817,4,none,0.014759865586420284,-0.10437488031524622
1788254441.544815,4,none,0.015056846610984165,-0.09779527174115721
1788254441.5756547,4,none,0.013357261398103115,-0.0970072334170875
1788254441.6047125,4,none,0.01633851203968406,-0.08279783938235297
1788254441.6376662,4,none,0.013383217873672026,-0.09485555354177144
1788254441.6721802,4,none,0.020226555195767992,-0.0894910521344845
1788254441.7007136,4,none,0.014373266808722418,-0.09668644257334502
1788254441.7347138,4,none,0.013479943098714253,-0.09097852525924122
1788254441.7877913,4,none,0.01671024440291402,-0.09189956193973514
1788254441.8157856,4,none,0.013291929802744962,-0.10218958563504577
1788254441.8457856,4,none,0.01406570508738858,-0.10560466198360596
1788254441.8797956,4,none,0.016354692544587546,-0.10977478604556234
1788254441.9114928,4,none,0.013514431709121921,-0.11060191487636595
1788254441.9389493,4,none,0.01618740945267272,-0.08735185455011885
1788254441.9759634,4,none,0.016530359045449194,-0.10016961251491452
1788254442.0025723,4,none,0.013724909818243813,-0.10326657266892036
1788254442.033578,4,none,0.018382200044725017,-0.10919976497630046
1788254442.0737457,4,none,0.018787246155484882,-0.09935436037785572
1788254442.1022763,4,none,0.019254424436033868,-0.10552308534923094
1788254442.1342838,4,none,0.01593118573041996,-0.09990660937163187
1788254442.1662757,4,none,0.022290895051586657,-0.1116125441284983
1788254442.2231183,4,none,0.015741395031664163,-0.0940858229891055
1788254442.2459126,4,none,0.014772373431491626,-0.08642229822897785
1788254442.2769253,4,none,0.016134626066164892,-0.09849446657069594
1788254442.3094342,4,none,0.012796636920839544,-0.09678473146896882
1788254442.3434384,4,none,0.014239556873430259,-0.10062048008977986
1788254442.3747306,4,none,0.014148410117649335,-0.10697233934793282
1788254442.402242,4,none,0.018723021861748568,-0.10327343018352075
1788254442.4432466,4,none,0.013825237703780968,-0.1062694223146129
1788254442.4712517,4,none,0.0011106500964023214,-0.10738327116854118
1788254442.5009046,4,none,0.010661854878957322,-0.12811828744779274
1788254442.5309033,4,none,0.0032002587481031464,-0.11693914153574836
1788254442.5691478,4,none,0.016805946832392782,-0.11230296974416154
1788254442.599686,4,none,0.012184925967484994,-0.09824478621950905
1788254442.631685,4,none,0.007266220932359957,-0.10282572549495184
1788254442.6861985,4,none,0.019583882229689764,-0.11295594811823073
1788254442.7132266,4,none,0.01830569953652139,-0.10828994926092095
1788254442.7360425,4,none,0.0023156091590567085,-0.10735362480116095
1788254442.780198,4,none,0.018831361169543315,-0.10882817481365237
1788254442.8113477,4,none,0.013075662944334154,-0.1136323775268786
1788254442.836347,4,none,0.018767165694566268,-0.1087005275793137
1788254442.8712914,4,none,0.014709044461789333,-0.11182533323270771
1788254442.9018884,4,none,0.015881792515455184,-0.11695427728088337
1788254442.9328923,4,none,0.015900435073861185,-0.11051541981991786
1788254442.9688923,4,none,0.010414713801022546,-0.11778282482962144
1788254442.999873,4,none,0.005375654233398142,-0.10958510545226008
1788254443.0248005,4,none,0.019963738038220158,-0.1202164887357906
1788254443.0705373,4,none,0.0032446045752846375,-0.107226805871804
1788254443.1181366,4,none,0.01050589411375058,-0.11439386634098847
1788254443.1411898,4,left,0.006386831886824096,-0.12414969741635873
1788254443.1759892,4,left,0.015187883677380443,-0.1175634454670238
1788254443.2085166,4,left,0.0029819316304046106,-0.10589426127168755
1788254443.2356746,4,left,0.01342215662581936,-0.14443147160290182
1788254443.2712848,4,left,0.01316725286516196,-0.12276047818447411
1788254443.299193,4,left,0.017096378910427146,-0.1276286473121655
1788254443.3331933,4,left,0.011938493975961362,-0.11429912942028708
1788254443.3677125,4,left,0.012828754820329302,-0.10649723172904735
1788254443.3982341,4,left,0.007285582861256468,-0.12039195646176115
1788254443.4312267,4,left,0.009246719928898028,-0.11637020294352407
1788254443.4624453,4,left,-0.0011358748086284232,-0.1135314848380683
1788254443.4947479,4,left,0.018291754782049918,-0.12882575415686381
1788254443.5522292,4,left,0.0022325904099083083,-0.11177223226048683
1788254443.5764594,4,left,0.018082023876865527,-0.1243236262587365
1788254443.6040728,4,left,0.01148974645708345,-0.10721041935263464
1788254443.6383607,4,left,0.009058847247807367,-0.08605661912601459
1788254443.672694,4,left,-0.0061951020901875875,-0.07279914932840381
1788254443.7037034,4,left,0.017600266886525273,-0.02418886974381318
1788254443.7316718,4,left,0.005560328004723503,-0.022460642596652147
1788254443.7684557,4,left,-0.022268134859793065,-0.03315411061820628
1788254443.7942424,4,left,-0.04977143197698386,-0.01636486849029406
1788254443.8326652,4,left,-0.015010875759659537,0.06490682434554351
1788254443.8571718,4,left,0.0317240988416676,0.014522386861666181
1788254443.8989167,4,left,0.031747333480298456,0.018127815092715993
1788254443.9199708,4,left,-0.06326949822536643,0.00927307624181628
1788254443.9790382,4,left,0.029211337993529818,0.015981258089470485
1788254444.0055592,4,left,0.02295577403286775,-0.024037453019040367
1788254444.0395648,4,left,-0.026878172133090406,0.02973466330638941
1788254444.0685637,4,left,0.03162926744213379,-0.013879861384918257
1788254444.1047454,4,left,0.06582459737468133,0.04643868994606026
1788254444.134045,4,left,0.0054090956732418816,-0.012063747779438527
1788254444.165047,4,left,0.038325382712584344,0.028150888001668428
1788254444.1988232,4,left,-0.013908347566551238,0.05462136990955235
1788254444.2297535,4,left,0.0036189075273910243,0.029575226145212574
1788254444.2593575,4,left,0.027763470241450317,0.03886554149931298
1788254444.2977164,4,left,0.04542448819160311,-0.005830234068919915
1788254444.3202176,4,left,0.03542078157850981,0.03296104288829427
1788254444.3632214,4,left,0.02098705236140519,-0.04664128826307845
1788254444.412438,4,left,0.01600822334952856,0.044485184635375985
1788254444.4435844,4,left,-0.015950414549286696,-0.003232890809179212
1788254444.471586,4,left,-0.0725284455523908,0.05733620388554583
1788254444.501118,4,left,0.022216248214760648,-0.013997728875974391
1788254444.5358608,4,left,0.05625742721498156,-0.034004628608175325
1788254444.5652127,4,left,0.07609333502382465,-0.027012689774066345
1788254444.599187,4,left,0.09177169204899877,0.04007435968419548
1788254444.632188,4,left,0.08959555271809261,-0.02027589812209385
1788254444.662265,4,left,0.0731388850376386,0.018856879231023083
1788254444.6928189,4,left,0.07035562461810208,-0.008897893221996522
1788254444.723812,4,left,0.01766881331901693,0.030397150352781566
1788254444.7593267,4,left,-0.004276418584098662,-0.016661390534956744
1788254444.7904835,4,left,0.024745635490963758,-0.013385755232957264
1788254444.8488076,4,left,0.06061239935792723,-0.045063407239448794
1788254444.8706636,4,left,0.029502382501452096,0.04205864904488177
1788254444.9001286,4,left,0.06004303202228639,-0.020586435873028774
1788254444.9388566,4,left,0.04715524827306561,0.02686064389270182
1788254444.968257,4,left,0.03358485602818151,0.012765271149182467
1788254444.9988267,4,left,0.0752034141041813,0.046773025675791446
1788254445.0308225,4,left,0.03141991643929487,0.06061125643829146
1788254445.0618222,4,left,0.06363385945545191,0.01116735657387713
1788254445.0943434,4,left,-0.0220064806303516,0.08328895890472354
1788254445.1263542,4,left,0.04722278624336579,0.004815912365522257
1788254445.45108,5,none,0.02304517459024691,0.022713929442932157
1788254445.4710677,5,none,0.03211733931085137,-0.015894095888005166
1788254445.4915853,5,none,0.001396932348943225,0.03568357582973003
1788254445.5295925,5,none,0.06326024372791372,-0.0157246143507217
1788254445.558586,5,none,0.045605202247365084,0.062118773972460684
1788254445.5892062,5,none,0.06252696165269267,0.020123316009911463
1788254445.6222107,5,none,0.023036680053423075,0.015169567130111417
1788254445.6552107,5,none,0.03568486846398422,0.004149448447560156
1788254445.7107348,5,none,0.012341384203875871,0.02334003978380461
1788254445.734734,5,none,0.013001067572868119,0.012405689313330637
1788254445.765733,5,none,0.041966726881124294,0.04675871613725835
1788254445.7982557,5,none,0.04062505291687751,0.0346958448544461
1788254445.8282502,5,none,-0.025935736356869077,0.03481426005782151
1788254445.8622491,5,none,0.010187783686181229,0.023956538946636408
1788254445.8917942,5,none,-0.016281530283232426,-0.050661709013162914
1788254445.9247875,5,none,-0.01976028540551633,-0.04368240434550885
1788254445.9597936,5,none,-0.04189576889591018,-0.08996185244692467
1788254445.9874651,5,none,-0.00675673785847708,-0.09425146420424735
1788254446.022979,5,none,-0.007852539438803263,-0.04284427909024058
1788254446.0529873,5,none,0.0009922529747052877,-0.08037146493580305
1788254446.0839913,5,none,-0.007341259109020171,-0.08746794600817176
1788254446.1445801,5,none,0.0064664682263209095,-0.06862351746666229
1788254446.1604922,5,none,0.008767897284415405,-0.07549517263030525
1788254446.2065816,5,none,0.005913985426753476,-0.07370250072982665
1788254446.2305782,5,none,0.018959411717274555,-0.08290879998679657
1788254446.2600055,5,none,0.004899364851630117,-0.06773190898215908
1788254446.295321,5,none,0.012768840776965384,-0.054837690757508106
1788254446.326324,5,none,0.014774615392296298,-0.07269713579462145
1788254446.3602414,5,none,0.016163638416903825,-0.0685062002255129
1788254446.3892612,5,none,0.015535873037656245,-0.06152306352228476
1788254446.4213638,5,none,0.01399891738732395,-0.055088575466480494
1788254446.4493563,5,none,0.01266202020289875,-0.05921698509546225
1788254446.4902878,5,none,0.006813828527008181,-0.05409917084135074
1788254446.5154011,5,none,0.00864726019525397,-0.054887017158935736
1788254446.5742903,5,none,0.01121453144208795,-0.06869942078662439
1788254446.5964065,5,none,0.01706072033910233,-0.055246096285985535
1788254446.6324718,5,none,0.014920579599306372,-0.07066000163197361
1788254446.6604667,5,none,0.00866431105749721,-0.0719514372811425
1788254446.696614,5,none,0.00836404693018622,-0.05632909509518658
1788254446.7236345,5,none,2.231638187677465e-05,-0.030691302356091188
1788254446.757233,5,none,0.006131556845433983,-0.05349709123664259
1788254446.7907596,5,none,0.006301531493096868,-0.053687250961129585
1788254446.8233037,5,none,0.009905098203732865,-0.05023225961557609
1788254446.8496015,5,none,0.005644153715823497,-0.052079473058155745
1788254446.8858285,5,none,0.01281755857742961,-0.06738545910859128
1788254446.9156778,5,none,0.010862910453211638,-0.044889570682175584
1788254446.9496832,5,none,0.004254655805928764,-0.049167322832246896
1788254447.008678,5,none,0.0037821611372649278,-0.04452504720602857
1788254447.0311959,5,none,0.0019069180100143024,-0.06254074986812064
1788254447.0589764,5,none,0.005154745902633429,-0.05830873713445506
1788254447.0930932,5,none,0.013655217762321592,-0.06321324183678745
1788254447.1242054,5,none,0.011688455587360869,-0.06953785688851444
1788254447.15291,5,none,0.016901749002795285,-0.0683627961582498
1788254447.1844141,5,none,0.018565727565408863,-0.07420576981552929
1788254447.2258892,5,none,0.011102395778339047,-0.0661822450109375
1788254447.2478883,5,none,0.01087049107286353,-0.07496047089176239
1788254447.286328,5,none,0.013175456903896321,-0.0770593794036536
1788254447.3189087,5,none,0.011882150042325179,-0.06658980274362825
1788254447.3489075,5,none,0.0157228980889208,-0.06484623033620163
1788254447.381915,5,none,0.010404763674983553,-0.07390679894007468
1788254447.441502,5,none,0.019077639447961148,-0.07684857940778966
1788254447.4616926,5,none,0.010604626458611044,-0.06484075435033221
1788254447.4952269,5,none,0.017582820102334362,-0.06914751132162222
1788254447.5232272,5,none,0.015706820453825543,-0.08038674449421301
1788254447.5580704,5,none,0.018995448242772883,-0.07506409511550838
1788254447.590176,5,none,0.014921643852950806,-0.0660340927157661
1788254447.6223772,5,none,0.009822133238745256,-0.07599153210613663
1788254447.6523788,5,none,0.008268637408909485,-0.08487434866372356
1788254447.6868753,5,none,0.009857694260133498,-0.07468292421927958
1788254447.7223914,5,none,0.011546383647408676,-0.08674141654707601
1788254447.7456448,5,none,0.00656271066712566,-0.08617580444331319
1788254447.7841,5,none,0.009684238423147362,-0.06529081809945358
1788254447.811615,5,none,0.012630598294117279,-0.07314645012057541
1788254447.8665946,5,none,0.011659677167173088,-0.0780215139441347
1788254447.8891387,5,none,0.010852211121300415,-0.07060737566433106
1788254447.9263372,5,none,0.013192305149087757,-0.09396172212665055
1788254447.9543338,5,none,0.012314951012826314,-0.0817259980428322
1788254447.9883852,5,none,0.016113787097061683,-0.09025515896161906
1788254448.0245535,5,none,0.015428040774562501,-0.0898784777730578
1788254448.051574,5,none,0.014918208745226758,-0.08954276291845087
1788254448.0889256,5,none,0.007323158593761647,-0.08944336304436573
1788254448.1185043,5,none,0.005592928222874605,-0.06731883342931222
1788254448.1457543,5,none,0.009400632721442759,-0.09239815572859533
1788254448.179855,5,none,0.007769808319487703,-0.058989672330452936
1788254448.2118838,5,none,0.010086009417973663,-0.09578464931599939
1788254448.2498806,5,none,0.013549347800599132,-0.06549831852253196
1788254448.3039196,5,none,0.020351554633155078,-0.10854157024674693
1788254448.3239121,5,none,0.013095321651031555,-0.09534327563270928
1788254448.3597476,5,none,0.014958347677465511,-0.0840294914771651
1788254448.3887482,5,none,0.0198777839191977,-0.09538263624528132
1788254448.427645,5,none,0.017106890517780138,-0.08262545441505353
1788254448.447643,5,none,0.013377442377612514,-0.1115347369003028
1788254448.485801,5,right,0.007566850390276714,-0.06722355752305065
1788254448.5193963,5,right,0.020681600064580308,-0.09051310179167493
1788254448.5550773,5,right,0.014184598403535364,-0.10221975221974011
1788254448.5799522,5,right,0.016179254336461057,-0.06482386705196541
1788254448.6127744,5,right,0.01710962352521761,-0.0911648424757433
1788254448.647272,5,right,0.018946563004877848,-0.09465464081380093
1788254448.6752732,5,right,0.016648347835727884,-0.10139618116422788
1788254448.735926,5,right,0.018851639143528942,-0.0843103164092791
1788254448.759822,5,right,0.016008856302062502,-0.08112850369449387
1788254448.788539,5,right,0.019089138860869936,-0.09223350420800647
1788254448.8221276,5,right,0.014060999240727123,-0.09142914577840666
1788254448.8534276,5,right,0.01710518425991092,-0.09521747736537423
1788254448.8856745,5,right,0.010507068345335546,-0.08404800560907122
1788254448.918029,5,right,-0.0006338854302504471,-0.09931050283882104
1788254448.9466484,5,right,0.004346141003608861,-0.0346984970225126
1788254448.9846632,5,right,-0.000488001870803223,-0.05934560509042108
1788254449.0111806,5,right,0.017393040975249408,-0.0016819451144794995
1788254449.0463638,5,right,-0.0022340522927398743,-0.036583106920230146
1788254449.0763736,5,right,-0.05358151949095358,-0.024614680803048294
1788254449.112457,5,right,-0.023663151771580404,-0.06828315298896637
1788254449.1690106,5,right,0.0074872366480661645,-0.0948782159401298
1788254449.1901977,5,right,-0.043305966048970856,-0.15148645556263818
1788254449.2204227,5,right,-0.08871398044777445,-0.16378298475999187
1788254449.251946,5,right,-0.03695581523083136,-0.1706282381495976
1788254449.2899625,5,right,-0.013659557384125942,-0.12499344439283666
1788254449.3124409,5,right,-0.012662339073130857,-0.1626041091489201
1788254449.347445,5,right,-0.008524243626611194,-0.17703959169851458
1788254449.382458,5,right,-0.009698522706920731,-0.15442536211456936
1788254449.4154527,5,right,-0.04399658338806389,-0.21705680874687938
1788254449.4444523,5,right,-0.009482216251814779,-0.13373201811274438
1788254449.4789646,5,right,-0.014898304528934925,-0.1295826579283259
1788254449.5135317,5,right,-0.029274584285364114,-0.1620990959415971
1788254449.5415351,5,right,-0.034134660408293604,-0.1586368418125057
1788254449.6004407,5,right,7.959704752968921e-05,-0.16255353000612827
1788254449.6241953,5,right,-0.048114850215765226,-0.1763652102495452
1788254449.6570299,5,right,-0.00424649543859168,-0.14185473908016522
1788254449.6831484,5,right,-0.05154510157681058,-0.20435122723611943
1788254449.7198205,5,right,-0.039365961314526854,-0.1796033519744611
1788254449.7458189,5,right,0.005239664534749333,-0.10839528560824374
1788254449.784825,5,right,-0.000993546011848978,-0.1382444867927537
1788254449.8143597,5,right,0.00273400665500112,-0.12301717076279928
1788254449.8443594,5,right,-0.0010230752065905069,-0.1290827050438086
1788254449.8774326,5,right,0.005688216197159424,-0.14018663466820291
1788254449.9141319,5,right,0.0054423885599177435,-0.11450612311250707
1788254449.9396005,5,right,-0.02491352698162863,-0.15146177565382324
1788254449.976611,5,right,-0.02307459254406219,-0.12396182294311664
1788254450.0290143,5,right,0.007081129172353706,-0.10928452220362828
1788254450.0537596,5,right,-0.018042020491297994,-0.13081668084529796
1788254450.0867743,5,right,-0.03851090191500217,-0.09467619172140451
1788254450.120402,5,right,0.003559614299248559,-0.07060044866183812
1788254450.1461382,5,right,-0.051521015923358116,-0.09453122745963494
1788254450.183773,5,right,0.03223085265823411,-0.10927534451306342
1788254450.2123563,5,right,0.013260953520268903,-0.10013943248124113
1788254450.2491815,5,right,0.006540245178931037,-0.08709325135367318
1788254450.2791815,5,right,0.0038804179570609554,-0.10788027764411479
1788254450.3117158,5,right,0.00046140701307217924,-0.0871214078439757
1788254450.3407557,5,right,0.00546451736594189,-0.11896506647852645
1788254450.3717587,5,right,0.03195608167430841,-0.11088552390473261
1788254450.4072876,5,right,0.016601851037914117,-0.09831082908289401
1788254450.462551,5,right,0.027774711974251187,-0.09115574101425095
1788254450.7852614,6,none,0.00997396495792413,-0.07932429102085625
1788254450.8042712,6,none,-0.029300463731148918,-0.11773629758553894
1788254450.8466632,6,none,0.010007685393872978,-0.09691585879732612
1788254450.8917503,6,none,0.020367632362807142,-0.062391006509622926
1788254450.9147038,6,none,0.0166259857526867,-0.08109227431569155
1788254450.9550114,6,none,0.0009049285823345965,-0.10998326462426955
1788254450.9819727,6,none,0.014719065465517933,-0.054446034010840916
1788254451.0140367,6,none,0.014873778415317895,-0.08176625757903633
1788254451.0460322,6,none,-0.015686618802862706,-0.12336806448615534
1788254451.0765195,6,none,0.003390353585702388,-0.051000620280778675
1788254451.1110535,6,none,0.001942899216181515,-0.10461365817776058
1788254451.1390517,6,none,0.03565816121347465,-0.11053588312939766
1788254451.1770508,6,none,0.02983338531571278,-0.11031862164711681
1788254451.2041025,6,none,0.016021739773240395,-0.11376099003195994
1788254451.241586,6,none,0.007438188805825807,-0.09613188229383618
1788254451.2715836,6,none,0.0034353473208518226,-0.03966810099040574
1788254451.3271534,6,none,0.0024770790956479827,0.01862701346688944
1788254451.3481526,6,none,-0.0012892186623810753,0.012941351361663522
1788254451.3828094,6,none,-0.013414294251163139,0.02071723145164306
1788254451.4134371,6,none,-0.012574385578270841,-0.026421375731147778
1788254451.4474382,6,none,-0.013708147189889774,-0.024714921009386548
1788254451.4745097,6,none,-0.014834735505235064,-0.025754731671201014
1788254451.5113277,6,none,-0.005722973866749803,-0.01744783064353994
1788254451.5413237,6,none,0.01911523019974859,-0.05171253281479293
1788254451.572335,6,none,0.008290905741867971,-0.08054702943389769
1788254451.6078367,6,none,-0.00028762770098278434,-0.07609017837090803
1788254451.6388366,6,none,0.005617134800813717,-0.07578210762609239
1788254451.6675253,6,none,0.005760764566618226,-0.05387502074325601
1788254451.7078383,6,none,0.004181117218589603,-0.07091022267996983
1788254451.7511325,6,none,0.012264106880819803,-0.07167517756914177
1788254451.778856,6,none,0.004668313295974835,-0.09928823380071483
1788254451.8163,6,none,-0.008310716374671179,-0.08139249699742235
1788254451.841768,6,none,-0.00374624628144693,-0.07147555818384976
1788254451.8852446,6,none,-0.0070124512136614525,-0.08538993103396741
1788254451.905756,6,none,-0.004202367113780636,-0.09509309265581767
1788254451.9470608,6,none,-0.00034740960145207556,-0.10280472433822463
1788254451.974061,6,none,-0.0014277794184250903,-0.1088434661369393
1788254452.005408,6,none,0.005473661380349548,-0.09898709042289333
1788254452.0382347,6,none,0.004648847530462796,-0.10295938074307243
1788254452.0660982,6,none,-0.0016908398408991276,-0.08840224921361839
1788254452.1002767,6,none,0.0014858834089505057,-0.09305915110349239
1788254452.1354373,6,none,0.0013876425985156482,-0.08663951303422457
1788254452.1919703,6,none,0.0016907519436865082,-0.08868558886911349
1788254452.2139454,6,none,0.007478113679559195,-0.07018029032392581
1788254452.2435482,6,none,0.007326335818412577,-0.08857997428027009
1788254452.2781796,6,none,0.01219390124392461,-0.09606370884171223
1788254452.313102,6,none,0.0041603807758702205,-0.0904304164449754
1788254452.3386095,6,none,0.0046907971964512685,-0.07735636805729706
1788254452.3777034,6,none,0.004684337121797388,-0.09588296454720702
1788254452.407719,6,none,0.008843067986776143,-0.08258914932122607
1788254452.435244,6,none,0.0035804599876297916,-0.11790298964698276
1788254452.4712477,6,none,0.0043644897721074605,-0.08877992701701354
1788254452.4977677,6,none,0.006889702727817748,-0.08072749583646821
1788254452.540089,6,none,0.0013944417599617287,-0.07551487530865031
1788254452.5670156,6,none,0.012323934555814042,-0.06485818049176884
1788254452.6187735,6,none,0.0019506588470082908,-0.08837309336857757
1788254452.6457808,6,none,0.008536729016170641,-0.09313712067568947
1788254452.6719654,6,none,0.002124730537038322,-0.10037925666104675
1788254452.71671,6,none,0.0048385696885845375,-0.09603020660240591
1788254452.7452304,6,none,-0.0029508369673405532,-0.09950513163844854
1788254452.7762303,6,none,0.0008432639028848055,-0.07681723743603608
1788254452.8034012,6,none,0.005102871523377961,-0.09217943254360828
1788254452.8373911,6,none,0.0038985897583295737,-0.09139479941812445
1788254452.8733964,6,none,-0.004889910882790338,-0.09511317814598508
1788254452.899148,6,none,-0.0004325267831737367,-0.09098273506115939
1788254452.9352105,6,none,0.005790642915970312,-0.07503629730279915
1788254452.9661515,6,none,-0.003441078615393778,-0.08573679279813762
1788254452.9962451,6,none,0.002768312897925118,-0.07072844352578045
1788254453.0560863,6,none,0.005450201852316039,-0.08050401312012556
1788254453.080083,6,none,0.004544934546170665,-0.08612757148264327
1788254453.112681,6,none,-0.0010505897884144355,-0.07714983491201277
1788254453.140054,6,none,0.0023685248090822286,-0.08309799166900256
1788254453.177202,6,none,0.0018869169244771777,-0.07504415055374647
1788254453.204545,6,none,-3.294097926465067e-05,-0.08576320705273388
1788254453.2411485,6,none,0.006241589634732203,-0.08410226638754192
1788254453.268614,6,none,0.003743349377781091,-0.08553216385989604
1788254453.3061602,6,none,0.003693394335949396,-0.09126229482665349
1788254453.3295603,6,none,0.004736059313359742,-0.08336927442736786
1788254453.3692646,6,none,0.010531681308558638,-0.10193049528847586
1788254453.3942666,6,none,0.0021151488838067056,-0.10842713234079215
1788254453.432611,6,none,0.005425240929536668,-0.1070194211630775
1788254453.4856367,6,none,0.0021264276391252945,-0.11052814662972388
1788254453.5116284,6,none,0.007546080239568487,-0.11379795312857288
1788254453.5436308,6,none,-0.000874613165563809,-0.08415290058568514
1788254453.57263,6,none,0.00032426137702790125,-0.099580275823554
1788254453.6005857,6,none,0.0042859827427492725,-0.10014812349657243
1788254453.6369703,6,none,0.005483286452838687,-0.107441561603006
1788254453.6693754,6,none,0.004556948769666724,-0.10904103753569794
1788254453.7034533,6,none,0.0014517163362629537,-0.09694466069519714
1788254453.732445,6,none,0.008754308260765842,-0.09858669280433807
1788254453.7664628,6,none,0.0026465406425127957,-0.09219290663117807
1788254453.7989557,6,left,0.008550074477104652,-0.10759748125488566
1788254453.8299015,6,left,0.0027516595518772835,-0.10464694686871479
1788254453.8600101,6,left,0.012454726202056565,-0.11205211190676034
1788254453.9195569,6,left,0.01224267409519697,-0.1052589669704106
1788254453.9435542,6,left,0.00799959214426893,-0.11158685246806832
1788254453.9703214,6,left,0.005056185929939283,-0.10721829573601149
1788254454.0071008,6,left,0.004180193939515187,-0.10894311898223186
1788254454.0371044,6,left,0.010579715982994897,-0.11947419314836527
1788254454.0770998,6,left,0.01317202702797371,-0.11177349051526031
1788254454.0996356,6,left,0.007281852498732033,-0.12575226785221183
1788254454.1348448,6,left,0.00908913278115786,-0.11557649460222685
1788254454.167845,6,left,0.011381044020486786,-0.11503021297220406
1788254454.199371,6,left,0.002328554659764004,-0.09933572034919225
1788254454.23007,6,left,0.004219884227215975,-0.09766048026866914
1788254454.2630742,6,left,-0.00787332795490514,-0.0525666617509597
1788254454.2938857,6,left,0.00495184346500166,-0.07139079213779131
1788254454.3515048,6,left,0.005221632203674331,-0.09536201176752046
1788254454.3734198,6,left,-0.017158923528214243,-0.10056345585773241
1788254454.4059403,6,left,0.012209790273494892,-0.09713116704212865
1788254454.439753,6,left,-0.0053619810245733035,-0.03477975990631399
1788254454.4675539,6,left,-0.01552180268738157,-0.010155000549496807
1788254454.4950643,6,left,-0.03832546647733537,0.002162414066855578
1788254454.5281193,6,left,-0.03000645306730243,-0.043473402108280546
1788254454.57112,6,left,-0.022880510256636954,-0.08069295677029653
1788254454.6021233,6,left,-0.026836017443311655,-0.052118585003068985
1788254454.6296356,6,left,-0.014559602146401063,-0.09646153196414686
1788254454.6596324,6,left,-0.008455244903294523,-0.08663431421994561
1788254454.6936953,6,left,-0.00034781792158156133,-0.10537095414525977
1788254454.7262084,6,left,0.007341921196958201,-0.08960785501228141
1788254454.7842107,6,left,-0.0025097409107435187,-0.09447491116055473
1788254454.807751,6,left,-0.01885193402011376,-0.09221793685879176
1788254454.8382306,6,left,-0.011957488299254693,-0.11607474128430506
1788254454.8732276,6,left,-0.008281190309678887,-0.094401659564882
1788254454.9032447,6,left,-0.0032532968113497818,-0.08894498673127227
1788254454.9362402,6,left,-0.014820582601262067,-0.1115224415658791
1788254454.967472,6,left,-0.008128675283200049,-0.10143291422214662
1788254455.0026827,6,left,-0.016285213381475705,-0.09076951916727327
1788254455.026749,6,left,-0.000415828295164955,-0.10804193410313734
1788254455.067749,6,left,-0.006016856008328797,-0.11530535218375526
1788254455.087695,6,left,-0.013221067874788273,-0.10286331453755526
1788254455.1346195,6,left,-0.015422402386975342,-0.10451496535542548
1788254455.1566951,6,left,-0.01493450861680734,-0.12315555017862079
1788254455.215733,6,left,-0.0019809244072873655,-0.13511363227832662
1788254455.2400978,6,left,-0.01780724379072074,-0.10033728199388192
1788254455.2746089,6,left,-0.004800404647639422,-0.13016626393619068
1788254455.303265,6,left,-0.018039262731001426,-0.12238036064536284
1788254455.3317559,6,left,-0.007774274411309512,-0.13168332294095852
1788254455.371047,6,left,-0.00919601076941623,-0.11520705578370971
1788254455.399263,6,left,-0.017662804093536155,-0.13030320111892224
1788254455.4277916,6,left,-0.022946892692404464,-0.13018522808056776
1788254455.4648778,6,left,-0.028007447683942366,-0.09590058674791946
1788254455.4958916,6,left,-0.01633196386746938,-0.09553893204934327
1788254455.5264103,6,left,-0.008921044578321768,-0.11432630900315388
1788254455.559409,6,left,-0.010838430653128506,-0.11171723687406399
1788254455.5878801,6,left,0.0030926374594612005,-0.09362043150013943
1788254455.6485653,6,left,-0.016095996528716516,-0.09391418654201278
1788254455.672566,6,left,-0.01799757342572994,-0.12455282478952667
1788254455.7018394,6,left,-0.011770678199730544,-0.11474850328405761
1788254455.7349179,6,left,-0.028188212759834852,-0.09223171090657023
1788254455.7629175,6,left,-0.02670376669424368,-0.11411051579191578
1788254455.8024645,6,left,-0.00835452108212309,-0.11034666990648812
1788254456.1304314,7,none,-0.022893488782651406,-0.08219164679820934
1788254456.1563528,7,none,-0.013891268363852682,-0.10516147349415617
1788254456.172353,7,none,-0.02959834435730524,-0.11285586418419902
1788254456.1913571,7,none,-0.01946688626777482,-0.11846424195440108
1788254456.2302234,7,none,-0.02284820228948381,-0.0990703447154806
1788254456.2609239,7,none,-0.02972551922777511,-0.11124727387781641
1788254456.2968855,7,none,-0.012491716101701189,-0.1232625137166985
1788254456.3244772,7,none,-0.013199912586852824,-0.12165150928177648
1788254456.3583982,7,none,-0.013829543225353791,-0.12215474513499824
1788254456.389559,7,none,-0.021151778266568555,-0.12017213344519462
1788254456.424835,7,none,-0.011035559990984822,-0.13221280871343555
1788254456.4537528,7,none,-0.0037500173119743296,-0.09637375947402915
1788254456.498867,7,none,-0.02017396138004368,-0.07083263309945109
1788254456.5364022,7,none,-0.0077044467773268455,-0.09305885872259378
1788254456.561482,7,none,-0.022368605702429156,-0.1137061198417928
1788254456.6031582,7,none,-0.027944941651285027,-0.121373421482867
1788254456.6260734,7,none,-0.00874802204046754,-0.06916137010216228
1788254456.6610737,7,none,-0.006864270216636936,-0.08061243081914271
1788254456.7001324,7,none,-0.005932978794173649,-0.08905205898286417
1788254456.7206857,7,none,-0.01370199841524955,-0.08647836653953833
1788254456.761752,7,none,-0.012666743627285926,-0.08943995306051522
1788254456.7878475,7,none,-0.002453498840241264,-0.08679292693899099
1788254456.8266137,7,none,-0.008097027732867246,-0.09217088065388379
1788254456.847613,7,none,0.0009442797698757666,-0.11323225021519878
1788254456.886638,7,none,0.008307197930336963,-0.11019997577884078
1788254456.9383128,7,none,0.01416973222608553,-0.1261787562697454
1788254456.9713132,7,none,0.00722762279645639,-0.1138995039537134
1788254457.002908,7,none,0.0065865501032523754,-0.1127255895992586
1788254457.0309997,7,none,0.010019629775389838,-0.09413683762778036
1788254457.0561225,7,none,0.0011726695008603683,-0.0911675796181759
1788254457.101135,7,none,0.007503319204779424,-0.10353316513710076
1788254457.1222963,7,none,0.009227104483886639,-0.10190178933298777
1788254457.1587598,7,none,0.008161958527318935,-0.10560575124065896
1788254457.1877625,7,none,0.009604866825957514,-0.11769678952693663
1788254457.218569,7,none,0.01376162055104424,-0.12891921011017526
1788254457.2555647,7,none,0.011919816066207845,-0.10921307715794693
1788254457.2895253,7,none,0.01560127752881979,-0.12212523215531212
1788254457.3150845,7,none,0.02315162340954091,-0.13879267872732748
1788254457.3723528,7,none,0.02699470649860858,-0.12019107842052656
1788254457.3933618,7,none,0.010486814421931778,-0.10329577427361103
1788254457.4306955,7,none,0.007880425377383315,-0.12070519248167155
1788254457.4586937,7,none,0.006560954167905142,-0.1171118425152845
1788254457.4952312,7,none,0.010089413556405469,-0.12496404263406702
1788254457.5248067,7,none,0.01457347303814982,-0.1336886075154381
1788254457.558733,7,none,0.01433834944130774,-0.11052936304179473
1788254457.587802,7,none,0.010195457077657122,-0.11312786460219659
1788254457.6220267,7,none,0.013908805606915431,-0.11576762072251623
1788254457.6580284,7,none,0.010800301905109833,-0.11023822124159754
1788254457.6821125,7,none,0.011818232300245257,-0.11941551408218842
1788254457.7174058,7,none,0.011420753450790522,-0.10524930098695873
1788254457.75186,7,none,0.007657825200261259,-0.10670291727075965
1788254457.8083298,7,none,0.012281401517136192,-0.09884273929831455
1788254457.8263168,7,none,0.013631766144982849,-0.09679310382067596
1788254457.8668551,7,none,0.013548097297762518,-0.11037709116414152
1788254457.8912196,7,none,0.01380539295235883,-0.10969036865429671
1788254457.925137,7,none,0.01161850725556024,-0.10563846022392032
1788254457.953135,7,none,0.015542615467187382,-0.12602826290227387
1788254457.9946165,7,none,0.019467484398954626,-0.10187608029825945
1788254458.021083,7,none,0.012266730007386095,-0.10498393526670846
1788254458.0585072,7,none,0.011506987677120661,-0.11558301524931947
1788254458.0844433,7,none,0.009643298052575466,-0.10125308936103072
1788254458.1229808,7,none,0.009133005977552622,-0.10038774392534178
1788254458.1479928,7,none,0.008318960571204959,-0.10360242845137813
1788254458.1855397,7,none,0.0021754981065154055,-0.09690780428123347
1788254458.2321644,7,none,0.013445956515252377,-0.10901590563923791
1788254458.258164,7,none,0.007685011590493507,-0.11413376976931877
1788254458.2923167,7,none,0.010214428380108997,-0.13159613083962607
1788254458.3307738,7,none,0.010834926170571357,-0.1227601067293903
1788254458.3568854,7,none,0.012631605202969132,-0.12351582459866772
1788254458.3888657,7,none,0.007917636635598524,-0.12154617182823091
1788254458.4246266,7,none,0.009083804497529768,-0.1318035010376789
1788254458.4546344,7,none,0.012973846277971712,-0.12155083574445524
1788254458.4860632,7,none,0.010293730845248983,-0.12419332277393558
1788254458.5183754,7,none,0.009001911278096908,-0.1323675168964089
1788254458.5533938,7,none,0.013253775898768083,-0.13929476220665404
1788254458.5799866,7,none,0.00669026007347473,-0.1303760694221059
1788254458.6150975,7,none,0.011734262776751048,-0.12092093794025038
1788254458.6688595,7,none,0.008213758052594722,-0.12940638888175138
1788254458.6920521,7,none,0.013727257427947226,-0.13119684868250192
1788254458.7303417,7,none,0.009890687099280426,-0.12293439191963196
1788254458.7563813,7,none,0.0141631924243516,-0.14403086769494455
1788254458.794432,7,none,0.008828770793822494,-0.12590176223947258
1788254458.8200428,7,none,0.006791719701123022,-0.14610394258095039
1788254458.8520486,7,none,0.011445019551823865,-0.14218086850329992
1788254458.8850415,7,none,0.011815704670719684,-0.13049769208806095
1788254458.9203167,7,none,0.013194165829693905,-0.13581169070812016
1788254458.9513972,7,none,0.012588699596271069,-0.12375236562194625
1788254458.9824276,7,none,0.006250798480353037,-0.14164725606818662
1788254459.0127537,7,none,0.009487289448034342,-0.13590689590969596
1788254459.0497475,7,none,0.014960980593908713,-0.1402797927847641
1788254459.1027622,7,none,0.01473939669720259,-0.13085781514953565
1788254459.129341,7,none,0.013549036723015218,-0.14704981358808678
1788254459.1542642,7,left,0.012062453809182694,-0.12328955045838708
1788254459.1912842,7,left,0.011774385234026297,-0.1377600220719135
1788254459.2228055,7,left,0.019106457695592827,-0.12299722037465544
1788254459.2518058,7,left,0.0133798099616117,-0.11546882927606261
1788254459.2918065,7,left,0.01543410941884027,-0.1277738892692628
1788254459.3139405,7,left,0.017939376467349888,-0.11293199939423415
1788254459.3499467,7,left,0.015174504400331634,-0.125588289562233
1788254459.3859413,7,left,0.016973460131837315,-0.11983049529516265
1788254459.4104834,7,left,0.018610965979266147,-0.13562198846304752
1788254459.445483,7,left,0.013217284511803151,-0.12925747231189844
1788254459.478479,7,left,0.02314515453213095,-0.12793868453155577
1788254459.5360143,7,left,0.008672820677436577,-0.11561062581403758
1788254459.560009,7,left,0.016881221805331026,-0.1031445069399024
1788254459.586014,7,left,0.006206149271567818,-0.11241031914142352
1788254459.6228423,7,left,0.015580607884768782,-0.11302245625142482
1788254459.6555154,7,left,0.017849533017135433,-0.13656875513176048
1788254459.6855154,7,left,0.005675253287686588,-0.12258558371282535
1788254459.717153,7,left,0.01878749587587747,-0.12218444268841366
1788254459.750456,7,left,0.013711685512351468,-0.12526251172029024
1788254459.7824576,7,left,-0.0012361717797341187,-0.10288114072748455
1788254459.8132584,7,left,0.015234923801490718,-0.1111816800283354
1788254459.8492594,7,left,0.019155309150784783,-0.06152058158276508
1788254459.8782613,7,left,0.0011480628002454862,-0.08936116939154104
1788254459.9121907,7,left,-0.001417477770988218,-0.07038819594052503
1788254459.9674318,7,left,-0.0009433143811924394,-0.04829241217866176
1788254459.9874432,7,left,-0.010150787677830286,-0.059942725164083166
1788254460.0269964,7,left,0.007706260554891764,-0.0697633664778542
1788254460.0489933,7,left,-0.0014967237587071303,-0.03437722200093796
1788254460.094008,7,left,-0.0049109506872117015,-0.04105292909662528
1788254460.1177487,7,left,-0.012531006012057477,-0.063725544350836
1788254460.1507182,7,left,-0.007241650654265852,-0.046234262798868775
1788254460.1817553,7,left,-0.012402951232335924,-0.04857687228393681
1788254460.2124426,7,left,-0.018920134692309465,-0.03783949347757276
1788254460.2456245,7,left,-0.007387764499035554,-0.048669894512504586
1788254460.278645,7,left,-0.02287439631193222,-0.08034200995762397
1788254460.3057904,7,left,-0.019137512210313568,-0.06298813607688059
1788254460.343381,7,left,-0.02608509659008984,-0.05470915881156069
1788254460.4010637,7,left,-0.015982072382418333,-0.04132991570162736
1788254460.4225833,7,left,-0.010615767308284618,-0.055872542649428425
1788254460.4538667,7,left,-0.013012020261292112,-0.05522359798527354
1788254460.4832814,7,left,-0.009940740340547705,-0.06126884202230298
1788254460.5161066,7,left,-0.006808591931422803,-0.07255001249310078
1788254460.5483875,7,left,-0.007657094533287445,-0.06854556660643285
1788254460.584391,7,left,0.0038031905830280266,-0.06820384789709899
1788254460.613407,7,left,-0.011864276462653978,-0.060737781584916384
1788254460.6479073,7,left,-0.01675931469971792,-0.0650855505378386
1788254460.6759093,7,left,-0.01267703741681403,-0.07319660370926484
1788254460.7092075,7,left,-0.009232460269633314,-0.07592712493602982
1788254460.739592,7,left,-0.020607614079280467,-0.06619271103125834
1788254460.7801652,7,left,-0.009420456568401847,-0.06226752839173444
1788254460.8287733,7,left,-0.011515096929506252,-0.04948773931080841
1788254460.8547678,7,left,-0.018609025941348833,-0.063626833880146
1788254460.885688,7,left,-0.005960450290572128,-0.06042922559967301
1788254460.9202888,7,left,-0.006952437443671022,-0.05016257992334727
1788254460.9502199,7,left,-0.02336572721620589,-0.07026700111338324
1788254460.984214,7,left,-0.018443485473752408,-0.04754130144900737
1788254461.0117595,7,left,-0.013197824779469403,-0.06817583859472154
1788254461.0457585,7,left,-0.012524072515998297,-0.04031517137173446
1788254461.0827584,7,left,-0.015427710467378342,-0.06260617321482242
1788254461.1112773,7,left,-0.02073379798125241,-0.05012502939061447
1788254461.1402838,7,left,-0.010933711390199607,-0.04237282116530916
1788254461.466651,8,none,-0.018967484616423724,-0.04305909556344334
1788254461.4951427,8,none,-0.016544407712616782,-0.05257295749887403
1788254461.5146532,8,none,-0.007852270208229761,-0.05641947246667822
1788254461.5386593,8,none,-0.008180336781677622,-0.0890950596072635
1788254461.5756593,8,none,-0.004370916570651251,-0.09033118111185945
1788254461.6076674,8,none,-0.004882391156943444,-0.06143971906040546
1788254461.6389039,8,none,-0.01173407726206499,-0.061752734411409604
1788254461.697078,8,none,-0.013569957574788516,-0.07858201860827507
1788254461.7205238,8,none,-0.01864696141086475,-0.06466748534149791
1788254461.7490501,8,none,0.0020866359259766876,-0.05504951974287309
1788254461.7841306,8,none,0.003809542248320086,-0.058846562778564926
1788254461.8128333,8,none,0.0003026170908867476,-0.07498047159669918
1788254461.847745,8,none,-0.0011144136659354542,-0.06643414649740687
1788254461.875744,8,none,-0.0002753371178417785,-0.06520027494962743
1788254461.9132738,8,none,-0.00024397266255948846,-0.07229949646224865
1788254461.9412737,8,none,-0.003081781504061798,-0.07152393607486052
1788254461.9709687,8,none,-0.0018143115076288963,-0.05311206109823141
1788254462.0049865,8,none,-0.0015112272836442786,-0.07569906918814095
1788254462.0411508,8,none,0.0004077785537470735,-0.06719082395054077
1788254462.0676875,8,none,-0.00021034649229212388,-0.08019617276363578
1788254462.1244917,8,none,-0.008545453725701146,-0.06595786978456286
1788254462.1542096,8,none,-0.010658726994682954,-0.0706786838211888
1788254462.182203,8,none,-0.008837062392004102,-0.07876764612875453
1788254462.2119753,8,none,-0.006205114188198579,-0.06575461942402949
1788254462.2479386,8,none,-0.008817206533908384,-0.08132483018988124
1788254462.278938,8,none,-0.004395161449274654,-0.08262694626597078
1788254462.3087268,8,none,-0.008469218468562967,-0.07943603473079208
1788254462.3447406,8,none,-0.008424542113224076,-0.07496769585658059
1788254462.372552,8,none,0.001044030042743005,-0.09759954979802843
1788254462.4081075,8,none,-0.0008246073030939716,-0.09024366973721576
1788254462.4383545,8,none,-0.003943503147593064,-0.07101088853159276
1788254462.469358,8,none,0.008585265333619696,-0.09923730096510452
1788254462.5018837,8,none,0.005475059611061539,-0.10321107269399099
1788254462.5576706,8,none,0.010225543039575347,-0.08717776025490709
1788254462.585167,8,none,0.005312104725733957,-0.11134353218607074
1788254462.615516,8,none,0.005069317369002291,-0.10949557694919854
1788254462.6445107,8,none,0.004567753044335432,-0.11714768003219767
1788254462.6795084,8,none,0.002953933786698726,-0.11348175044283693
1788254462.7059245,8,none,0.0028278351700904425,-0.11930503079076371
1788254462.7424543,8,none,-0.0027394534183674546,-0.13136009990103537
1788254462.7772973,8,none,-0.0013584525670059522,-0.10397364890812766
1788254462.8054807,8,none,0.002539678220703112,-0.11893980904557011
1788254462.834058,8,none,-0.00541597751053724,-0.11550082200998402
1788254462.8700612,8,none,-0.005449547612834005,-0.10819839097326689
1788254462.9019754,8,none,-0.001495540058467415,-0.11737051202137394
1788254462.9344883,8,none,-0.003591712291746707,-0.10545500553427223
1788254462.9900768,8,none,0.00019985428494806445,-0.10544370829433014
1788254463.0095983,8,none,-0.0030955006049876443,-0.09891024925469127
1788254463.0475988,8,none,-0.0042815364422345015,-0.11837107925249546
1788254463.0776055,8,none,-0.009490858206945396,-0.10053124288342463
1788254463.1112142,8,none,-0.0003455889474723861,-0.11282605137099311
1788254463.139224,8,none,-0.00985408527781606,-0.09521428187409742
1788254463.1742203,8,none,-0.01145095535808871,-0.1129394635445885
1788254463.207227,8,none,-0.0029294438025750935,-0.10735209708060811
1788254463.2367384,8,none,-0.005074430139811126,-0.09293984958354895
1788254463.2687452,8,none,-0.004965074070424458,-0.11752168540600372
1788254463.3037505,8,none,-0.005175886207464453,-0.12471629181266408
1788254463.3332577,8,none,-0.008106812306804767,-0.10780856732464728
1788254463.3682573,8,none,-0.00983090801242914,-0.1024703983949179
1788254463.4002757,8,none,-0.005099431992136139,-0.11010416879599283
1788254463.45478,8,none,-0.00801378632497285,-0.11141641555098403
1788254463.473778,8,none,-0.0016717986278976804,-0.12557927994165774
1788254463.5143974,8,none,-0.0038186709273061448,-0.09926552673227573
1788254463.5443969,8,none,-0.005312540738116378,-0.11658011866368323
1788254463.5714426,8,none,0.0009235952520513235,-0.11509532369725317
1788254463.6090455,8,none,-0.008079022319139262,-0.1052752823479759
1788254463.6391313,8,none,-0.01063306970277933,-0.11049952973696453
1788254463.6680524,8,none,-0.007007673546992721,-0.11258148368742682
1788254463.7010653,8,none,-0.008864523391221346,-0.1002828908631902
1788254463.7375908,8,none,-0.012953629603363548,-0.0994217305938605
1788254463.7627492,8,none,-0.009687418388005353,-0.088689282434944
1788254463.796867,8,none,-0.0005670316233378214,-0.09519505073468526
1788254463.8295665,8,none,0.0035599731978289695,-0.12544099150139498
1788254463.8871872,8,none,0.0004876149245643946,-0.11659812135089798
1788254463.9062002,8,none,-0.004893992503157807,-0.08763742436082178
1788254463.9467258,8,none,-0.004750510986192169,-0.1086234356218353
1788254463.972817,8,none,-0.004393261721723829,-0.07603364585536687
1788254464.0079062,8,none,0.012223071612130654,-0.0649920242188653
1788254464.038553,8,none,0.005072812394828818,-0.07768180130187874
1788254464.071944,8,none,-0.003275093832818876,-0.07646634318065937
1788254464.0999525,8,none,-5.864486597451091e-05,-0.06672200482218416
1788254464.1361496,8,none,-0.001968057589224248,-0.06811607718296364
1788254464.167223,8,none,-0.0026581951415357574,-0.046183392915337906
1788254464.1971653,8,none,-0.002076938795023353,-0.07998699219624539
1788254464.2296991,8,none,0.006459002737553843,-0.09100354764072016
1788254464.264699,8,none,-0.0070570098119463465,-0.0974795985430883
1788254464.316223,8,none,0.0005037905388513009,-0.08097793916861562
1788254464.3372276,8,none,-0.0031796222019563336,-0.08588758292411713
1788254464.368556,8,none,-0.021804660883840365,-0.05289733102718763
1788254464.4111218,8,none,0.004322583309476324,0.0450437594105737
1788254464.433123,8,none,-0.013551379213944337,-0.04195587041684068
1788254464.47228,8,none,-0.0027525310331110164,-0.08149537395176054
1788254464.5022056,8,right,-0.011168992021841517,-0.10076556155685679
1788254464.537603,8,right,-0.00027219163014746695,-0.09042019506333188
1788254464.5648134,8,right,-0.009395649462740296,-0.09032703119620755
1788254464.5988255,8,right,-0.01190812106267003,-0.08936676648578812
1788254464.630341,8,right,-0.008052015185476713,-0.08427381335058015
1788254464.6624794,8,right,-0.005256376350096015,-0.09627490782045633
1788254464.6925366,8,right,-0.009916420239996726,-0.07369623447201579
1788254464.7540312,8,right,-0.010506540483652071,-0.09921036335485611
1788254464.7742429,8,right,-0.0028470290451981795,-0.11434861172861144
1788254464.8058681,8,right,-0.0066523600211102485,-0.09208018692915088
1788254464.8363965,8,right,-0.005935435540732281,-0.09911543483088558
1788254464.8729794,8,right,-0.00040685806998819185,-0.08243323801254454
1788254464.8970382,8,right,-0.006645947593410972,-0.09287764139850929
1788254464.9326668,8,right,-0.00726655930778608,-0.1006023112538107
1788254464.968579,8,right,-0.0002012086268295965,-0.11105552615897052
1788254464.998592,8,right,0.00158340429430337,-0.10724047773387524
1788254465.02828,8,right,0.019655906031322612,-0.10995845230604884
1788254465.05809,8,right,0.01293452975649545,-0.11562637468933312
1788254465.094305,8,right,-0.011685509082158485,-0.06267831368651267
1788254465.126338,8,right,-0.011452037235782586,-0.0775763553563118
1788254465.1802175,8,right,0.016185135918058813,-0.10069482200785873
1788254465.2052782,8,right,-0.007788349411587903,-0.09437028998555197
1788254465.2332644,8,right,-0.011721248746875523,-0.12551061653156426
1788254465.2704313,8,right,0.011384282992326855,-0.13526571254722008
1788254465.3024366,8,right,0.011720624864016815,-0.04515428082640671
1788254465.331125,8,right,0.061545123891488696,0.36094213035017236
1788254465.370127,8,right,0.10393957956325584,0.27629338005560067
1788254465.3993382,8,right,0.011233989612687734,-0.0021521083728726076
1788254465.4258509,8,right,-0.003685423201324256,-0.0597328771548733
1788254465.465849,8,right,-0.0069869667290105575,-0.10225996781371371
1788254465.493851,8,right,-0.01736484108425762,-0.12805654090277363
1788254465.5284405,8,right,-0.010209348968073129,-0.11903536549974225
1788254465.5553665,8,right,-0.0016806933396557033,-0.024991122738874827
1788254465.6169093,8,right,0.11889607307352501,0.1836305513379194
1788254465.6319072,8,right,0.07645900025730173,0.23030351589027326
1788254465.6769016,8,right,0.006059257948076713,-0.00948891035131938
1788254465.703915,8,right,-0.0007648781061432297,-0.09262078170589394
1788254465.7304418,8,right,-0.02317523959908563,-0.08388006374000878
1788254465.7715216,8,right,-0.006723399325855861,-0.08516827994094744
1788254465.7974446,8,right,0.004448470917592595,-0.09641019986734167
1788254465.8291373,8,right,-0.01489107353710939,-0.1078177863112576
1788254465.860139,8,right,-0.003925356909855515,-0.08917039043634112
1788254465.9011436,8,right,-0.03640424329975478,-0.08680590508436925
1788254465.931729,8,right,-0.007340144556870487,-0.10086352120078823
1788254465.956658,8,right,-0.012488728286719986,-0.12787292548889584
1788254465.9866576,8,right,-0.017974876948917973,-0.1088707145843032
1788254466.0459425,8,right,-0.01709153544353892,-0.09259270417856669
1788254466.063944,8,right,0.049583153864855456,0.13985108878004548
1788254466.1027348,8,right,0.09481888023763896,0.24011290140833985
1788254466.1329765,8,right,0.00171185634209714,0.010539650268339584
1788254466.168973,8,right,0.008416921566604563,-0.12830473053457025
1788254466.1925488,8,right,0.008998990775318183,-0.1420627354423819
1788254466.234161,8,right,0.006244711502409572,-0.12318757053176921
1788254466.2630098,8,right,0.0064392454148122225,-0.13851570814512137
1788254466.293499,8,right,0.025914506370695145,-0.12705170294167745
1788254466.331255,8,right,0.012926868782220713,-0.12992322570402415
1788254466.3562694,8,right,0.007035127823797893,-0.1252840205621577
1788254466.391268,8,right,0.008988383442063985,-0.12095702711819278
1788254466.4206884,8,right,0.016924776365258576,-0.12008867567597425
1788254466.480517,8,right,0.00776333843289978,-0.1299171638028016
